Abilene Christian,Abilene Christian
Air Force,Air Force
Akron,Akron
Alabama,Alabama
Alabama A&M,Alabama A&M
Alabama State,Alabama State
Albany,Albany
Alcorn State,Alcorn State
American University,American
Appalachian State,App State
Arizona,Arizona
Arizona State,Arizona State
Arkansas,Arkansas
Arkansas State,Arkansas State
Arkansas-Pine Bluff,Arkansas-Pine Bluff
Army,Army
Auburn,Auburn
Austin Peay,Austin Peay
Ball State,Ball State
Baylor,Baylor
Bellarmine,Bellarmine
Belmont,Belmont
Bethune-Cookman,Bethune-Cookman
Binghamton,Binghamton
Boise State,Boise State
Boston College,Boston College
Boston University,Boston University
Bowling Green,Bowling Green
Bradley,Bradley
Brigham Young,Brigham Young
Brown,Brown
Bryant,Bryant
Bucknell,Bucknell
Buffalo,Buffalo
Butler,Butler
Cal Poly,Cal Poly
Cal State Bakersfield,Cal State Bakersfield
Cal State Fullerton,Cal State Fullerton
Cal State Northridge,Cal State Northridge
California,California
California Baptist,California Baptist
Campbell,Campbell
Canisius,Canisius
Central Arkansas,Central Ark
Central Connecticut State,Central Connecticut State
Central Michigan,Central Mich.
Charleston,Charleston
Charleston Southern,Charleston Southern
Charlotte,Charlotte
Chattanooga,Chattanooga
Chicago State,Chicago State
Cincinnati,Cincinnati
Citadel,Citadel
Clemson,Clemson
Cleveland State,Cleveland State
Coastal Carolina,Coastal Carolina
Colgate,Colgate
Colorado,Colorado
Colorado State,Colorado State
Columbia,Columbia
Connecticut,Connecticut
Coppin State,Coppin State
Cornell,Cornell
Creighton,Creighton
Dartmouth,Dartmouth
Davidson,Davidson
Dayton,Dayton
Delaware,Delaware
Delaware State,Delaware State
Denver,Denver
DePaul,DePaul
Detroit-Mercy,Detroit Mercy
Dixie State,Dixie State
Drake,Drake
Drexel,Drexel
Duke,Duke
Duquesne,Duquesne
East Carolina,East Carolina
East Tennessee State,East Tennessee State
Eastern Illinois,Eastern Illinois
Eastern Kentucky,Eastern Kentucky
Eastern Michigan,Eastern Mich.
Eastern Washington,Eastern Washington
Elon,Elon
Evansville,Evansville
Fairfield,Fairfield
Fairleigh Dickinson,Fairleigh Dickinson
Florida,Florida
Florida A&M,Florida A&M
Florida Atlantic,Fla. Atlantic
Florida Gulf Coast,Florida Gulf Coast
Florida International,FIU
Florida State,Florida State
Fordham,Fordham
Fort Wayne,Fort Wayne
Fresno State,Fresno State
Furman,Furman
Gardner-Webb,Gardner-Webb
George Mason,George Mason
George Washington,George Washington
Georgetown,Georgetown
Georgia,Georgia
Georgia Southern,Ga. Southern
Georgia State,Georgia State
Georgia Tech,Georgia Tech
Gonzaga,Gonzaga
Grambling State,Grambling State
Grand Canyon,Grand Canyon
Green Bay,Green Bay
Hampton,Hampton
Hartford,Hartford
Harvard,Harvard
Hawaii,Hawaii
High Point,High Point
Hofstra,Hofstra
Holy Cross,Holy Cross
Houston,Houston
Houston Baptist,Houston Baptist
Howard,Howard
Idaho,Idaho
Idaho State,Idaho State
Illinois,Illinois
Illinois State,Illinois State
Illinois-Chicago,UIC
Incarnate Word,UIW
Indiana,Indiana
Indiana State,Indiana State
Iona,Iona
Iowa,Iowa
Iowa State,Iowa State
IUPUI,IUPUI
Jackson State,Jackson State
Jacksonville,Jacksonville
Jacksonville State,Jacksonville State
James Madison,James Madison
Kansas,Kansas
Kansas State,Kansas State
Kennesaw State,Kennesaw State
Kent State,Kent State
Kentucky,Kentucky
La Salle,La Salle
Lafayette,Lafayette
Lamar,Lamar
Lehigh,Lehigh
Liberty,Liberty
Lipscomb,Lipscomb
Little Rock,Little Rock
Long Beach State,Long Beach State
Long Island,Long Island
Longwood,Longwood
Louisiana,Louisiana
Louisiana Tech,Louisiana Tech
Louisiana-Monroe,ULM
Louisville,Louisville
Loyola (IL),Loyola (IL)
Loyola (MD),Loyola Maryland
Loyola Marymount,LMU (CA)
LSU,LSU
Maine,Maine
Manhattan,Manhattan
Marist,Marist
Marquette,Marquette
Marshall,Marshall
Maryland,Maryland
Maryland-Eastern Shore,Maryland-Eastern Shore
Massachusetts,Massachusetts
McNeese State,McNeese State
Memphis,Memphis
Mercer,Mercer
Merrimack College,Merrimack College
Miami (FL),Miami (FL)
Miami (OH),Miami (OH)
Michigan,Michigan
Michigan State,Michigan State
Middle Tennessee State,Middle Tennessee State
Milwaukee,Milwaukee
Minnesota,Minnesota
Mississippi State,Mississippi State
Mississippi Valley State,Mississippi Valley State
Missouri,Missouri
Missouri State,Missouri State
Monmouth,Monmouth
Montana,Montana
Montana State,Montana State
Morehead State,Morehead State
Morgan State,Morgan State
Mount St. Mary's,Mount St. Mary's
Murray State,Murray State
N.J.I.T.,NJIT
Navy,Navy
NC State,NC State
Nebraska,Nebraska
Nevada,Nevada
New Hampshire,New Hampshire
New Mexico,New Mexico
New Mexico State,New Mexico State
New Orleans,New Orleans
Niagara,Niagara
Nicholls State,Nicholls State
Norfolk State,Norfolk State
North Alabama,North Ala.
North Carolina,North Carolina
North Carolina A&T,N.C. A&T
North Carolina Central,North Carolina Central
North Dakota,North Dakota
North Dakota State,North Dakota State
North Florida,North Florida
North Texas,North Texas
Northeastern,Northeastern
Northern Arizona,Northern Arizona
Northern Colorado,Northern Colorado
Northern Illinois,Northern Illinois
Northern Iowa,Northern Iowa
Northern Kentucky,Northern Ky.
Northwestern,Northwestern
Northwestern State,Northwestern State
Notre Dame,Notre Dame
Oakland,Oakland
Ohio,Ohio
Ohio State,Ohio State
Oklahoma,Oklahoma
Oklahoma State,Oklahoma State
Old Dominion,Old Dominion
Ole Miss,Ole Miss
Omaha,Omaha
Oral Roberts,Oral Roberts
Oregon,Oregon
Oregon State,Oregon State
Pacific,Pacific
Penn State,Penn State
Pennsylvania,Pennsylvania
Pepperdine,Pepperdine
Pittsburgh,Pittsburgh
Portland,Portland
Portland State,Portland State
Prairie View A&M,Prairie View A&M
Presbyterian,Presbyterian
Princeton,Princeton
Providence,Providence
Purdue,Purdue
Quinnipiac,Quinnipiac
Radford,Radford
Rhode Island,Rhode Island
Rice,Rice
Richmond,Richmond
Rider,Rider
Robert Morris,Robert Morris
Rutgers,Rutgers
Sacramento State,Sacramento State
Sacred Heart,Sacred Heart
Saint Joseph's,Saint Joseph's
Saint Louis,Saint Louis
Saint Mary's,Saint Mary's (CA)
Saint Peter's,Saint Peter's
Sam Houston State,Sam Houston State
Samford,Samford
San Diego,San Diego
San Diego State,San Diego State
San Francisco,San Francisco
San Jose State,San Jose State
Santa Clara,Santa Clara
Seattle,Seattle U
Seton Hall,Seton Hall
Siena,Siena
SIU-Edwardsville,SIU-Edwardsville
South Alabama,South Alabama
South Carolina,South Carolina
South Carolina State,South Carolina State
South Dakota,South Dakota
South Dakota State,South Dakota State
South Florida,South Florida
Southeast Missouri State,Southeast Missouri State
Southeastern Louisiana,Southeastern Louisiana
Southern,Southern U.
Southern Illinois,Southern Illinois
Southern Methodist,Southern Methodist
Southern Mississippi,Southern Miss.
Southern Utah,Southern Utah
St. Bonaventure,St. Bonaventure
St. Francis (NY),St. Francis Brooklyn
St. Francis (PA),St. Francis (PA)
St. John's,St. John's
St. Thomas (MN),St. Thomas (MN)
Stanford,Stanford
Stephen F. Austin,Stephen F. Austin
Stetson,Stetson
Stony Brook,Stony Brook
Syracuse,Syracuse
Tarleton State,Tarleton State
Temple,Temple
Tennessee,Tennessee
Tennessee State,Tennessee State
Tennessee Tech,Tennessee Tech
Tennessee-Martin,UT Martin
Texas,Texas
Texas A&M,Texas A&M
Texas A&M-CC,Texas A&M-CC
Texas Christian,Texas Christian
Texas Southern,Texas Southern
Texas State,Texas State
Texas Tech,Texas Tech
Texas-Arlington,UT Arlington
Texas-RGV,Texas-RGV
Texas-San Antonio,UTSA
Toledo,Toledo
Towson,Towson
Troy,Troy
Tulane,Tulane
Tulsa,Tulsa
UAB,UAB
UC Davis,UC Davis
UC Irvine,UC Irvine
UC Riverside,UC Riverside
UC San Diego,UC San Diego
UC Santa Barbara,UC Santa Barbara
UCF,UCF
UCLA,UCLA
UMass Lowell,UMass Lowell
UMBC,UMBC
UMKC,Kansas City
UNC Asheville,UNC Asheville
UNC Greensboro,UNC Greensboro
UNC Wilmington,UNC Wilmington
UNLV,UNLV
USC,USC
USC Upstate,USC Upstate
Utah,Utah
Utah State,Utah State
Utah Valley,Utah Valley
UTEP,UTEP
Valparaiso,Valparaiso
Vanderbilt,Vanderbilt
VCU,VCU
Vermont,Vermont
Villanova,Villanova
Virginia,Virginia
Virginia Military,Virginia Military
Virginia Tech,Virginia Tech
Wagner,Wagner
Wake Forest,Wake Forest
Washington,Washington
Washington State,Washington State
Weber State,Weber State
West Virginia,West Virginia
Western Carolina,Western Caro.
Western Illinois,Western Ill.
Western Kentucky,Western Kentucky
Western Michigan,Western Michigan
Wichita State,Wichita State
William & Mary,William & Mary
Winthrop,Winthrop
Wisconsin,Wisconsin
Wofford,Wofford
Wright State,Wright State
Wyoming,Wyoming
Xavier,Xavier
Yale,Yale
Youngstown State,Youngstown State